{"cameraMode":{"drawMode":0,"name":"Shaded","section":"Shading Mode"},"sceneLighting":false,"audioPlay":false,"sceneViewState":{"showFog":true,"showMaterialUpdate":false,"showSkybox":false,"showFlares":true,"showImageEffects":true,"showParticleSystems":true},"in2DMode":false,"pivot":{"x":1.020585536956787,"y":2.3510565757751467,"z":5.493838787078857},"rotation":{"x":0.07824612408876419,"y":0.6640287041664124,"z":-0.07020045816898346,"w":0.7403717637062073},"size":1.7116069793701172,"orthographic":false}